RAW_X,RAW_Y,TRUE_X,TRUE_Y,TRANSLATED_X,TRANSLATED_Y
203.01347613492192,-298.112593730095,-0.0561971579231282,-0.1175115010136294,4.0465200825574925,0.20392984078938525
201.4801343360132,-298.0073229318897,-0.0561971579231282,-0.1175115010136294,2.5131782836487844,0.30920063899469596
200.6728739551376,-297.9662371978511,-0.0561971579231282,-0.1175115010136294,1.705917902773166,0.3502863730332706
201.1104717315029,-298.1521309169503,-0.0561971579231282,-0.1175115010136294,2.1435156791384884,0.16439265393410096
186.3671257240844,-298.0115679744743,-0.0561971579231282,-0.1175115010136294,-12.599830328280035,0.30495559641008185
189.58100928121124,-297.6736354719025,-0.0561971579231282,-0.1175115010136294,-9.385946771153186,0.6428880989818708
190.14034858776765,-297.9708715170874,-0.0561971579231282,-0.1175115010136294,-8.826607464596776,0.3456520537969823
187.87632378612355,-298.2786510848647,-0.0561971579231282,-0.1175115010136294,-11.090632266240874,0.03787248601969395
187.78600237783695,-297.8481475614896,-0.0561971579231282,-0.1175115010136294,-11.180953674527473,0.468376009394774
187.52580845199915,-297.6643608574568,-0.0561971579231282,-0.1175115010136294,-11.44114760036527,0.6521627134275718
186.522261517375,-297.9087307325893,-0.0561971579231282,-0.1175115010136294,-12.444694534989424,0.4077928382951086
189.4058635321943,-298.4922491933543,-0.0561971579231282,-0.1175115010136294,-9.56109252017012,-0.1757256224699404
199.78053697681705,-298.6212295018591,-2.7067887738512546,-1.6415737897457303,0.8135809244526229,-0.30470593097470555
197.25142315252165,-298.430153169599,-2.7067887738512546,-1.6415737897457303,-1.7155328998427706,-0.11362959871462408
197.0176576767312,-298.4348519047288,-2.7067887738512546,-1.6415737897457303,-1.9492983756332194,-0.1183283338444312
148.64549066709756,-275.5098616421316,-2.7067887738512546,-1.6415737897457303,-50.32146538526686,22.80666192875276
206.623365902293,-298.5750813069769,-2.7067887738512546,-1.6415737897457303,7.656409849928565,-0.2585577360925413
208.42506618658916,-298.0691722834527,-2.7067887738512546,-1.6415737897457303,9.45811013422474,0.24735128743168389
207.11949742634093,-298.44027890463906,-2.7067887738512546,-1.6415737897457303,8.152541373976504,-0.12375533375467285
207.5520787623621,-298.18773386585707,-2.7067887738512546,-1.6415737897457303,8.585122709997677,0.1287897050273159
208.79486224110636,-298.66401617286584,-2.7067887738512546,-1.6415737897457303,9.827906188741935,-0.3474926019814575
210.10117420160307,-298.3502964459593,-2.7067887738512546,-1.6415737897457303,11.134218149238649,-0.03377287507493065
207.22366657632048,-298.6561793011201,-2.7067887738512546,-1.6415737897457303,8.256710523956059,-0.3396557302357337
207.00035155978424,-298.62572039816365,-2.7067887738512546,-1.6415737897457303,8.033395507419812,-0.30919682727926556
207.7308609407469,-299.0135452053542,-2.7067887738512546,-1.6415737897457303,8.763904888382484,-0.6970216344698201
206.57869883514053,-298.3778435145334,-2.7067887738512546,-1.6415737897457303,7.611742782776105,-0.06131994364903903
209.56498376594425,-297.73823848635703,-2.7067887738512546,-1.6415737897457303,10.598027713579825,0.5782850845273515
206.9873577804429,-298.0552290008842,-2.7067887738512546,-1.6415737897457303,8.020401728078468,0.26129457000018874
205.7758855092423,-298.18996560071747,-2.7067887738512546,-1.6415737897457303,6.808929456877877,0.12655797016691395
203.9544257729096,-298.4496309916177,-2.7067887738512546,-1.6415737897457303,4.987469720545164,-0.1331074207333245
207.56511710144807,-298.0361050240435,-2.7067887738512546,-1.6415737897457303,8.598161049083643,0.28041854684090595
205.4513445914725,-298.886444400866,-2.7067887738512546,-1.6415737897457303,6.484388539108068,-0.5699208299816405
204.1499794063156,-299.20412410720365,-2.7067887738512546,-1.6415737897457303,5.183023353951171,-0.8876005363192689
207.30908910435124,-298.2405015709766,-2.7067887738512546,-1.6415737897457303,8.34213305198682,0.07602199990776626
207.4365731013073,-298.3357036156559,-2.7067887738512546,-1.6415737897457303,8.469617048942865,-0.019180044771530902
207.9974948448744,-298.11619272766063,-2.7067887738512546,-1.6415737897457303,9.030538792509986,0.20033084322375316
207.29711742605136,-298.4818729704152,-2.7067887738512546,-1.6415737897457303,8.330161373686934,-0.1653493995308395
207.49790723225027,-298.1846834262025,-2.7067887738512546,-1.6415737897457303,8.530951179885847,0.13184014468185978
207.8573425742052,-298.32135878216127,-2.7067887738512546,-1.6415737897457303,8.890386521840782,-0.004835211276883911
209.30981618303665,-298.23767051107814,-2.7067887738512546,-1.6415737897457303,10.342860130672221,0.07885305980624935
208.8813265800542,-298.3624057710849,-2.7067887738512546,-1.6415737897457303,9.914370527689783,-0.04588220020053768
205.1845971035175,-299.2140222100144,-2.7067887738512546,-1.6415737897457303,6.217641051153066,-0.8974986391299922
207.28627501906968,-298.5959965033292,-2.7067887738512546,-1.6415737897457303,8.319318966705254,-0.2794729324448326
204.65377186939247,-299.12006278697004,-2.7067887738512546,-1.6415737897457303,5.686815817028048,-0.8035392160856532
207.9800567798385,-298.2860176926941,-2.7067887738512546,-1.6415737897457303,9.013100727474068,0.030505878190297153
205.9414463520151,-298.93593544632205,-2.7067887738512546,-1.6415737897457303,6.974490299650682,-0.6194118754376632
207.86889918210588,-298.2319999210429,-2.7067887738512546,-1.6415737897457303,8.901943129741454,0.08452364984145788
207.7426914963532,-298.27744157531123,-2.7067887738512546,-1.6415737897457303,8.775735443988765,0.03908199557315584
208.64196024280108,-298.13221606680247,-2.7067887738512546,-1.6415737897457303,9.675004190436653,0.18430750408191443
205.91862809870176,-298.3477296203125,-2.7067887738512546,-1.6415737897457303,6.951672046337336,-0.03120604942813543
208.03226180137528,-298.231103019242,-2.7067887738512546,-1.6415737897457303,9.06530574901086,0.08542055164235762
203.7934660228854,-299.2120825463401,-2.7067887738512546,-1.6415737897457303,4.826509970520988,-0.8955589754557423
205.25307610109124,-298.7425946023539,-2.7067887738512546,-1.6415737897457303,6.286120048726815,-0.42607103146951886
206.2153332881229,-298.8408460852148,-2.7067887738512546,-1.6415737897457303,7.248377235758483,-0.5243225143304358
203.0189896810517,-297.15126153715954,-0.2590156389832225,0.4455061282543848,4.052033628687269,1.1652620337248436
202.16636528684617,-297.57386277211737,-0.2590156389832225,0.4455061282543848,3.199409234481749,0.7426607987670195
193.8807034954456,-298.36890130412286,-0.2590156389832225,0.4455061282543848,-5.086252556918822,-0.0523777332384725
202.42126114217723,-297.1385572167884,-0.2590156389832225,0.4455061282543848,3.454305089812806,1.177966354095986
204.40599668099827,-296.4733289828284,-0.2590156389832225,0.4455061282543848,5.4390406286338475,1.8431945880560079
194.92376183396064,-298.88207149288587,-0.2590156389832225,0.4455061282543848,-4.043194218403784,-0.5655479220014854
194.51230231312115,-298.5831723528452,-0.2590156389832225,0.4455061282543848,-4.45465373924327,-0.2666487819608392
195.289602483019,-298.6244520109531,-0.2590156389832225,0.4455061282543848,-3.677353569345428,-0.30792844006873565
193.71502219919563,-298.88727708966064,-0.2590156389832225,0.4455061282543848,-5.251933853168794,-0.5707535187762574
196.1336428861902,-298.8598402318182,-0.2590156389832225,0.4455061282543848,-2.8333131661742357,-0.54331666093384
195.271449149548,-300.260710982806,-0.2590156389832225,0.4455061282543848,-3.695506902816419,-1.9441874119216322
195.87159611603212,-300.49853598746006,-0.2590156389832225,0.4455061282543848,-3.0953599363323008,-2.182012416575674
195.5632376829357,-300.262967058679,-0.2590156389832225,0.4455061282543848,-3.4037183694287307,-1.9464434877946246
195.9679169770365,-299.4268513114534,-0.2590156389832225,0.4455061282543848,-2.9990390753279144,-1.110327740569005
194.5353211568169,-299.911295807749,-0.2590156389832225,0.4455061282543848,-4.431634895547518,-1.5947722368646282
195.18544581432843,-299.50032712607174,-0.2590156389832225,0.4455061282543848,-3.7815102380359917,-1.1838035551873531
193.62037667628135,-300.09423143419315,-0.2590156389832225,0.4455061282543848,-5.346579376083071,-1.7777078633087626
196.96955495216235,-299.9696915696077,-0.2590156389832225,0.4455061282543848,-1.9974011002020688,-1.6531679987232906
195.8354604253381,-300.17284079934154,-0.2590156389832225,0.4455061282543848,-3.131495627026311,-1.8563172284571579
192.79243420986745,-300.210440382886,-0.2590156389832225,0.4455061282543848,-6.174521842496972,-1.8939168120016348
192.74618594233607,-300.1873631587162,-0.2590156389832225,0.4455061282543848,-6.220770110028354,-1.8708395878318242
194.5933983825564,-300.648165066114,-0.2590156389832225,0.4455061282543848,-4.3735576698080365,-2.3316414952296327
196.28545954051657,-300.2748545788836,-0.2590156389832225,0.4455061282543848,-2.681496511847854,-1.9583310079992202
196.13023094992468,-300.2428021901562,-0.2590156389832225,0.4455061282543848,-2.8367251024397433,-1.9262786192718409
195.14193293581832,-300.3486871936226,-0.2590156389832225,0.4455061282543848,-3.825023116546106,-2.03216362273821
195.8402223091725,-300.1554969538391,-0.2590156389832225,0.4455061282543848,-3.12673374319192,-1.8389733829546913
195.28037749652952,-300.17150885570794,-0.2590156389832225,0.4455061282543848,-3.686578555834899,-1.854985284823556
197.6349086879208,-299.9196836127308,-0.2590156389832225,0.4455061282543848,-1.3320473644436106,-1.6031600418464222
194.37827692487636,-299.46506351295125,-0.2590156389832225,0.4455061282543848,-4.588679127488064,-1.1485399420668614
199.145529056151,-298.9153966063449,-0.2590156389832225,0.4455061282543848,0.1785730037865676,-0.5988730354605423
194.68020377762804,-299.40458272058527,-0.2590156389832225,0.4455061282543848,-4.286752274736386,-1.0880591497008822
192.3411829927797,-299.3776429080776,-0.2590156389832225,0.4455061282543848,-6.625773059584731,-1.0611193371931904
195.1989579367265,-299.2811592160021,-0.2590156389832225,0.4455061282543848,-3.767998115637937,-0.9646356451177098
193.80648542531236,-299.69102513375014,-0.2590156389832225,0.4455061282543848,-5.160470627052064,-1.3745015628657598
196.3847998068496,-298.9675260499301,-0.2590156389832225,0.4455061282543848,-2.582156245514824,-0.651002479045701
197.59962406220805,-299.4342017756477,-0.2590156389832225,0.4455061282543848,-1.367331990156373,-1.1176782047633083
112.36971813703316,-256.1847144993366,0.791971633801988,-0.2346056466601409,-86.59723791533126,42.131809071547764
196.56212239650944,-300.3736832176507,0.791971633801988,-0.2346056466601409,-2.4048336558549863,-2.0571596467663085
197.07603899873192,-300.200970218442,0.791971633801988,-0.2346056466601409,-1.8909170536325064,-1.8844466475576382
197.43754986841984,-300.3532547433047,0.791971633801988,-0.2346056466601409,-1.5294061839445874,-2.036731172420332
197.93935838029068,-300.171243501432,0.791971633801988,-0.2346056466601409,-1.027597672073739,-1.854719930547617
196.4588840197054,-300.64788719118127,0.791971633801988,-0.2346056466601409,-2.5080720326590153,-2.3313636202968837
196.0831360379995,-301.1068303115184,0.791971633801988,-0.2346056466601409,-2.8838200143649146,-2.790306740634037
196.64490062081416,-300.68345049394134,0.791971633801988,-0.2346056466601409,-2.322055431550268,-2.366926923056951
197.9799347009738,-300.88010940615936,0.791971633801988,-0.2346056466601409,-0.9870213513906094,-2.563585835274978
196.5044414212044,-300.64973289570736,0.791971633801988,-0.2346056466601409,-2.462514631160019,-2.333209324822974
196.1434039911979,-300.73065387136205,0.791971633801988,-0.2346056466601409,-2.8235520611665095,-2.414130300477666
196.76940781234663,-300.7011534367765,0.791971633801988,-0.2346056466601409,-2.1975482400177953,-2.384629865892123
195.79037297370635,-300.80711960873305,0.791971633801988,-0.2346056466601409,-3.1765830786580693,-2.490596037848661
197.07649027836533,-301.0461768096915,0.791971633801988,-0.2346056466601409,-1.8904657739990967,-2.7296532388070887
199.7298804669084,-300.04310973013605,0.791971633801988,-0.2346056466601409,0.7629244145439884,-1.7265861592516671
199.01930394068427,-300.4998224020201,0.791971633801988,-0.2346056466601409,0.052347888319843605,-2.183298831135687
197.0212087629908,-300.5400688126564,0.791971633801988,-0.2346056466601409,-1.945747289373628,-2.223545241772001
197.3616980339118,-300.49208977553985,0.791971633801988,-0.2346056466601409,-1.6052580184526164,-2.1755662046554676
197.34354751709645,-300.5819547866296,0.791971633801988,-0.2346056466601409,-1.62340853526797,-2.2654312157451955
197.813321109063,-300.2140491686691,0.791971633801988,-0.2346056466601409,-1.1536349433014266,-1.8975255977846928
192.5505870793432,-300.558902174372,0.791971633801988,-0.2346056466601409,-6.416368973021235,-2.242378603487623
197.98612103490865,-300.5704244974708,0.791971633801988,-0.2346056466601409,-0.9808350174557745,-2.253900926586425
193.7314978010971,-300.81699495227,0.791971633801988,-0.2346056466601409,-5.235458251267318,-2.500471381385637
196.26165936470844,-300.47090251193714,0.791971633801988,-0.2346056466601409,-2.705296687655988,-2.154378941052755
195.62195882914332,-300.4192193327823,0.791971633801988,-0.2346056466601409,-3.3449972232210996,-2.1026957618979054
195.70563468273335,-300.70181546597854,0.791971633801988,-0.2346056466601409,-3.2613213696310765,-2.3852918950941557
198.26924869282013,-300.5897449922377,0.791971633801988,-0.2346056466601409,-0.697707359544296,-2.2732214213532984
196.2104070815177,-300.68320453612904,0.791971633801988,-0.2346056466601409,-2.7565489708467226,-2.3666809652446545
196.2033055725201,-300.5629108660865,0.791971633801988,-0.2346056466601409,-2.7636504798443298,-2.246387295202112
198.34688536645976,-300.52408634165164,0.791971633801988,-0.2346056466601409,-0.6200706859046647,-2.207562770767254
197.55526500389504,-300.3579186345628,0.791971633801988,-0.2346056466601409,-1.411691048469379,-2.041395063678408
198.63913233331212,-299.9740260634931,0.791971633801988,-0.2346056466601409,-0.32782371905230434,-1.657502492608728
195.21349240456152,-300.58478152281305,0.791971633801988,-0.2346056466601409,-3.753463647802903,-2.2682579519286605
197.116473416546,-300.6354249538799,0.791971633801988,-0.2346056466601409,-1.8504826358184232,-2.3189013829955343
198.58105868724712,-300.6523339022439,0.791971633801988,-0.2346056466601409,-0.38589736511730166,-2.3358103313595393
194.1993675135473,-300.94643259282464,0.791971633801988,-0.2346056466601409,-4.767588538817137,-2.62990902194025
196.694978713469,-300.73564777702404,0.791971633801988,-0.2346056466601409,-2.271977338895425,-2.4191242061396565
198.7175750310681,-300.1866302609124,0.791971633801988,-0.2346056466601409,-0.24938102129632966,-1.8701066900280239
195.48469695973915,-300.80613045406733,0.791971633801988,-0.2346056466601409,-3.48225909262527,-2.489606883182944
199.34215748018372,-300.7782850974652,0.791971633801988,-0.2346056466601409,0.37520142781929167,-2.4617615265808013
